{"slotLength": 10.0, "numChans": 3, "slotframeLength": 12, "modulations": ["QPSK_FEC_1_2_FR_2", "QPSK_FEC_1_2", "QPSK_FEC_3_4"], "simulationTopology": {"0": {"links": {"1": -117.91706597539493, "2": -102.2661471836499, "3": -113.09023413086112, "4": -117.76343199728572, "5": -122.62858937391317, "6": -102.22328528610925, "7": -124.60154987990171}, "parent": null, "distance_to_root": 0.0, "interferers": [2, 3, 6], "reliability": {"QPSK_FEC_1_2": {"1": 0.0, "2": 1.0, "3": 0.6104597540183931, "4": 0.0, "5": 0.0, "6": 1.0, "7": 0.0}, "QPSK_FEC_1_2_FR_2": {"1": 0.0, "2": 1.0, "3": 0.8619246602686417, "4": 0.0, "5": 0.0, "6": 1.0, "7": 0.0}, "QPSK_FEC_3_4": {"1": 0.0, "2": 1.0, "3": 0.2102969492716511, "4": 0.0, "5": 0.0, "6": 1.0, "7": 0.0}}, "y": 2.5, "x": 2.5}, "1": {"links": {"0": -117.91706597539493, "2": -119.77529355298051, "3": -98.78298008974278, "4": -127.17600771121184, "5": -109.18957574760077, "6": -113.70321300113962, "7": -132.18050519140874}, "parent": 3, "distance_to_root": 1.89012999562686, "interferers": [3, 5, 6], "reliability": {"QPSK_FEC_1_2": {"0": 0.0, "2": 0.0, "3": 1.0, "4": 0.0, "5": 1.0, "6": 0.4757930411351481, "7": 0.0}, "QPSK_FEC_1_2_FR_2": {"0": 0.0, "2": 0.0, "3": 1.0, "4": 0.0, "5": 1.0, "6": 0.7914679277540699, "7": 0.0}, "QPSK_FEC_3_4": {"0": 0.0, "2": 0.0, "3": 1.0, "4": 0.0, "5": 0.9363707547026934, "6": 0.012737271839341702, "7": 0.0}}, "y": 0.6116708856550213, "x": 2.5824897344249713}, "2": {"links": {"0": -102.2661471836499, "1": -119.77529355298051, "3": -114.84771062447302, "4": -111.87890072982238, "5": -125.18067931297108, "6": -112.39802202672018, "7": -122.39841676496272}, "parent": 6, "distance_to_root": 0.7080046684242292, "interferers": [0, 3, 4, 6], "reliability": {"QPSK_FEC_1_2": {"0": 1.0, "1": 0.0, "3": 0.16691519635332952, "4": 0.8198784901987892, "5": 0.0, "6": 0.7388936836055109, "7": 0.0}, "QPSK_FEC_1_2_FR_2": {"0": 1.0, "1": 0.0, "3": 0.6251672386589462, "4": 0.9671787580838327, "5": 0.0, "6": 0.9272966878827447, "7": 0.0}, "QPSK_FEC_3_4": {"0": 1.0, "1": 0.0, "3": 0.0, "4": 0.5270373809671582, "5": 0.0, "6": 0.4027229436676407, "7": 0.0}}, "y": 2.5849773174524335, "x": 1.797113475709563}, "3": {"links": {"0": -113.09023413086112, "1": -98.78298008974278, "2": -114.84771062447302, "4": -124.23718463766514, "5": -114.94685606403411, "6": -109.54324293578381, "7": -130.1126190294674}, "parent": 0, "distance_to_root": 1.3962730981146385, "interferers": [0, 1, 2, 5, 6], "reliability": {"QPSK_FEC_1_2": {"0": 0.6104597540183931, "1": 1.0, "2": 0.16691519635332952, "4": 0.0, "5": 0.1364131188133797, "6": 1.0, "7": 0.0}, "QPSK_FEC_1_2_FR_2": {"0": 0.8619246602686417, "1": 1.0, "2": 0.6251672386589462, "4": 0.0, "5": 0.6084841882187675, "6": 1.0, "7": 0.0}, "QPSK_FEC_3_4": {"0": 0.2102969492716511, "1": 1.0, "2": 0.0, "4": 0.0, "5": 0.0, "6": 0.9022273236887486, "7": 0.0}}, "y": 1.1156082742130318, "x": 2.3182361034439705}, "4": {"links": {"0": -117.76343199728572, "1": -127.17600771121184, "2": -111.87890072982238, "3": -124.23718463766514, "5": -130.92383304079337, "6": -122.82002979095714, "7": -112.94889425070001}, "parent": 2, "distance_to_root": 1.871998353019297, "interferers": [2, 7], "reliability": {"QPSK_FEC_1_2": {"0": 0.0, "1": 0.0, "2": 0.8198784901987892, "3": 0.0, "5": 0.0, "6": 0.0, "7": 0.6386640498378711}, "QPSK_FEC_1_2_FR_2": {"0": 0.0, "1": 0.0, "2": 0.9671787580838327, "3": 0.0, "5": 0.0, "6": 0.0, "7": 0.8764581467966082}, "QPSK_FEC_3_4": {"0": 0.0, "1": 0.0, "2": 0.5270373809671582, "3": 0.0, "5": 0.0, "6": 0.0, "7": 0.2521614947384023}}, "y": 3.5824951656942, "x": 0.972720703356571}, "5": {"links": {"0": -122.62858937391317, "1": -109.18957574760077, "2": -125.18067931297108, "3": -114.94685606403411, "4": -130.92383304079337, "6": -117.9076457469478, "7": -134.67631329120812}, "parent": 1, "distance_to_root": 2.5402184052840573, "interferers": [1, 3], "reliability": {"QPSK_FEC_1_2": {"0": 0.0, "1": 1.0, "2": 0.0, "3": 0.1364131188133797, "4": 0.0, "6": 0.0, "7": 0.0}, "QPSK_FEC_1_2_FR_2": {"0": 0.0, "1": 1.0, "2": 0.0, "3": 0.6084841882187675, "4": 0.0, "6": 0.0, "7": 0.0}, "QPSK_FEC_3_4": {"0": 0.0, "1": 0.9363707547026934, "2": 0.0, "3": 0.0, "4": 0.0, "6": 0.0, "7": 0.0}}, "y": 0.20989148786373535, "x": 3.599141732983014}, "6": {"links": {"0": -102.22328528610925, "1": -113.70321300113962, "2": -112.39802202672018, "3": -109.54324293578381, "4": -122.82002979095714, "5": -117.9076457469478, "7": -128.0253927570954}, "parent": 0, "distance_to_root": 0.7061032691627482, "interferers": [0, 1, 2, 3], "reliability": {"QPSK_FEC_1_2": {"0": 1.0, "1": 0.4757930411351481, "2": 0.7388936836055109, "3": 1.0, "4": 0.0, "5": 0.0, "7": 0.0}, "QPSK_FEC_1_2_FR_2": {"0": 1.0, "1": 0.7914679277540699, "2": 0.9272966878827447, "3": 1.0, "4": 0.0, "5": 0.0, "7": 0.0}, "QPSK_FEC_3_4": {"0": 1.0, "1": 0.012737271839341702, "2": 0.4027229436676407, "3": 0.9022273236887486, "4": 0.0, "5": 0.0, "7": 0.0}}, "y": 2.00134688407032, "x": 2.999926891351067}, "7": {"links": {"0": -124.60154987990171, "1": -132.18050519140874, "2": -122.39841676496272, "3": -130.1126190294674, "4": -112.94889425070001, "5": -134.67631329120812, "6": -128.0253927570954}, "parent": 4, "distance_to_root": 2.874949366114522, "interferers": [4], "reliability": {"QPSK_FEC_1_2": {"0": 0.0, "1": 0.0, "2": 0.0, "3": 0.0, "4": 0.6386640498378711, "5": 0.0, "6": 0.0}, "QPSK_FEC_1_2_FR_2": {"0": 0.0, "1": 0.0, "2": 0.0, "3": 0.0, "4": 0.8764581467966082, "5": 0.0, "6": 0.0}, "QPSK_FEC_3_4": {"0": 0.0, "1": 0.0, "2": 0.0, "3": 0.0, "4": 0.2521614947384023, "5": 0.0, "6": 0.0}}, "y": 4.965584416128015, "x": 1.0214103528466856}}, "modulationSlots": {"QPSK_FEC_1_2": 3, "QPSK_FEC_1_2_FR_2": 4, "QPSK_FEC_3_4": 2}}