{"results": {"best_ind": {"ind": [1, 0, 3, 2, 3, 0, 1, 1, 6, 1, 2, 2, 2, 0, 1, 1, 2, 0, 0, 1, 4], "tput": 4.5566224, "airtime": 255.00720134250548, "generation": 18}, "best_ind_evolution": [[2.862, 212.9012744140538], [2.862, 212.9012744140538], [2.862, 151.98776065800843], [2.862, 151.98776065800843], [3.5566224, 224.30720134250546], [3.6109999999999998, 273.9652362422173], [3.653, 261.8079180397665], [4.5566224, 341.2072013425054], [4.5566224, 341.2072013425054], [4.5566224, 341.2072013425054], [4.5566224, 326.16720134250545], [4.5566224, 266.20720134250547], [4.5566224, 266.20720134250547], [4.5566224, 266.20720134250547], [4.5566224, 266.20720134250547], [4.5566224, 266.20720134250547], [4.5566224, 266.20720134250547], [4.5566224, 263.20720134250547], [4.5566224, 255.00720134250548], [4.5566224, 255.00720134250548]], "unique_individuals_evolution": [196, 281, 374, 468, 560, 646, 740, 820, 901, 986, 1070, 1161, 1248, 1335, 1423, 1506, 1586, 1660, 1727, 1790], "valid_individuals_evolution": [20, 33, 54, 87, 133, 179, 232, 274, 322, 367, 417, 469, 510, 554, 597, 640, 686, 727, 764, 791], "individuals": {"total": 0, "filtered": 0, "unique": 1790, "valid": 791}, "time": {"total_time": 6.482065916061401, "mutation_time": 0.8001515865325928, "crossover_time": 0.06247735023498535, "valid_tree": {"total": 0.03520655632019043, "nr": 1790.0}, "heuristic": {"total": 4.350709676742554, "nr": 1790, "setting": 1.7576239109039307, "solving": 2.4668216705322266, "feasible": 791, "true_positives": 0, "true_negatives": 0, "false_positives": 0, "false_negatives": 0}, "feasibility": {"total": 0.0008132457733154297, "nr": 1790, "setting": 0.0, "building": 0.0, "solving": 0.0, "feasible": 0}, "throughput": {"total": 0.8371469974517822, "nr": 791}}, "infeasible_inds": [88, 83, 77, 63, 46, 43, 41, 38, 33, 40, 34, 39, 46, 46, 45, 42, 39, 33, 31, 37]}}